<?xml version="1.0" encoding="UTF-8"?>
<project-private xmlns="http://www.netbeans.org/ns/project-private/1">
    <editor-bookmarks xmlns="http://www.netbeans.org/ns/editor-bookmarks/2" lastBookmarkId="0"/>
    <open-files xmlns="http://www.netbeans.org/ns/projectui-open-files/2">
        <group>
            <file>file:/C:/Users/HP1/OneDrive/Documents/NetBeansProjects/apkaapnastore/src/apkaapnastore/Order.java</file>
            <file>file:/C:/Users/HP1/OneDrive/Documents/NetBeansProjects/apkaapnastore/src/apkaapnastore/Login.java</file>
            <file>file:/C:/Users/HP1/OneDrive/Documents/NetBeansProjects/apkaapnastore/src/apkaapnastore/StockDisplay.java</file>
            <file>file:/C:/Users/HP1/OneDrive/Documents/NetBeansProjects/apkaapnastore/src/apkaapnastore/inventory.java</file>
            <file>file:/C:/Users/HP1/OneDrive/Documents/NetBeansProjects/apkaapnastore/src/apkaapnastore/Membercheck.java</file>
            <file>file:/C:/Users/HP1/OneDrive/Documents/NetBeansProjects/apkaapnastore/src/apkaapnastore/Splash.java</file>
            <file>file:/C:/Users/HP1/OneDrive/Documents/NetBeansProjects/apkaapnastore/src/apkaapnastore/OrderMenu.java</file>
        </group>
    </open-files>
</project-private>
